{
    "totalVotingPower": 359795417.1599996,
    "totalVotingPowerUSD": 5296188540.595212,
    "totalValidatorCount": 1824,
    "timestamp": 1668510309,
    "number1ValidatorName": "Coinbase Cloud",
    "number1ValidatorVotingPowerProportion": 2.58,
    "delinquentcount": 643,
    "unweightSkipRateRatio": 22.425371621726136,
    "weightSkipRateRatio": 9.475956559001668
}