{
    "totalVotingPower": 406354197.92999995,
    "totalVotingPowerUSD": 13702263554.199608,
    "totalValidatorCount": 2004,
    "timestamp": 1664968047,
    "number1ValidatorName": "Coinbase Cloud",
    "number1ValidatorVotingPowerProportion": 2.62,
    "delinquentcount": 329,
    "unweightSkipRateRatio": 10.84660783317818,
    "weightSkipRateRatio": 8.764448860566754
}