{
    "totalVotingPower": 365472127.60000116,
    "totalVotingPowerUSD": 6600426624.455974,
    "totalValidatorCount": 1818,
    "timestamp": 1668164752,
    "number1ValidatorName": "Coinbase Cloud",
    "number1ValidatorVotingPowerProportion": 2.85,
    "delinquentcount": 648,
    "unweightSkipRateRatio": 26.202764002605004,
    "weightSkipRateRatio": 14.152459276491019
}