{
    "totalVotingPower": 412198504.7100006,
    "totalVotingPowerUSD": 13338743612.415596,
    "totalValidatorCount": 2033,
    "timestamp": 1664708731,
    "number1ValidatorName": "Coinbase Cloud",
    "number1ValidatorVotingPowerProportion": 2.58,
    "delinquentcount": 298,
    "unweightSkipRateRatio": 13.394697005152143,
    "weightSkipRateRatio": 10.604827266737903
}