{
    "totalVotingPower": 412346013.9299997,
    "totalVotingPowerUSD": 12584800345.1436,
    "totalValidatorCount": 2091,
    "timestamp": 1666955133,
    "number1ValidatorName": "Coinbase Cloud",
    "number1ValidatorVotingPowerProportion": 2.64,
    "delinquentcount": 323,
    "unweightSkipRateRatio": 5.990700437833277,
    "weightSkipRateRatio": 3.029193747703071
}