{
    "totalVotingPower": 376929249.32000005,
    "totalVotingPowerUSD": 12280354942.84559,
    "totalValidatorCount": 1612,
    "timestamp": 1667559977,
    "number1ValidatorName": "Coinbase Cloud",
    "number1ValidatorVotingPowerProportion": 2.9,
    "delinquentcount": 852,
    "unweightSkipRateRatio": 30.265100429148486,
    "weightSkipRateRatio": 6.028104433906288
}