{
    "totalVotingPower": 366023214.6300006,
    "totalVotingPowerUSD": 4355676254.097005,
    "totalValidatorCount": 1819,
    "timestamp": 1669028773,
    "number1ValidatorName": "Coinbase Cloud",
    "number1ValidatorVotingPowerProportion": 2.44,
    "delinquentcount": 655,
    "unweightSkipRateRatio": 18.847585120082666,
    "weightSkipRateRatio": 5.505888504936202
}