{
    "totalVotingPower": 383240344.26000005,
    "totalVotingPowerUSD": 3755755373.7480006,
    "totalValidatorCount": 2004,
    "timestamp": 1672570998,
    "number1ValidatorName": "Coinbase Cloud",
    "number1ValidatorVotingPowerProportion": 2.45,
    "delinquentcount": 650,
    "unweightSkipRateRatio": 12.01937525230598,
    "weightSkipRateRatio": 4.095800562837421
}