{
    "totalVotingPower": 403971831.14000183,
    "totalVotingPowerUSD": 13032131272.576408,
    "totalValidatorCount": 2004,
    "timestamp": 1663844736,
    "number1ValidatorName": "Coinbase Cloud",
    "number1ValidatorVotingPowerProportion": 2.56,
    "delinquentcount": 291,
    "unweightSkipRateRatio": 13.713634041969105,
    "weightSkipRateRatio": 12.235191988891971,
    "delegator": 572576,
    "top1withdel": "Everstake",
    "top1withdel_percentage": 26.9
}