{
    "totalVotingPower": 367105052.7000005,
    "totalVotingPowerUSD": 4922878756.707004,
    "totalValidatorCount": 1859,
    "timestamp": 1671188537,
    "number1ValidatorName": "Coinbase Cloud",
    "number1ValidatorVotingPowerProportion": 2.61,
    "delinquentcount": 680,
    "unweightSkipRateRatio": 11.172127575043358,
    "weightSkipRateRatio": 3.420986365320216
}