{
    "totalVotingPower": 412506675.4899995,
    "totalVotingPowerUSD": 12148321593.180492,
    "totalValidatorCount": 2085,
    "timestamp": 1666264062,
    "number1ValidatorName": "Coinbase Cloud",
    "number1ValidatorVotingPowerProportion": 2.64,
    "delinquentcount": 296,
    "unweightSkipRateRatio": 6.11926237772819,
    "weightSkipRateRatio": 3.986340782038497
}