{
    "totalVotingPower": 414128463.4000016,
    "totalVotingPowerUSD": 11686705237.147997,
    "totalValidatorCount": 2099,
    "timestamp": 1666695972,
    "number1ValidatorName": "Coinbase Cloud",
    "number1ValidatorVotingPowerProportion": 2.63,
    "delinquentcount": 301,
    "unweightSkipRateRatio": 4.5883109433759515,
    "weightSkipRateRatio": 2.3417931051264356
}