{
    "totalVotingPower": 364074734.9099994,
    "totalVotingPowerUSD": 5100687036.089105,
    "totalValidatorCount": 1864,
    "timestamp": 1670324786,
    "number1ValidatorName": "Coinbase Cloud",
    "number1ValidatorVotingPowerProportion": 2.52,
    "delinquentcount": 639,
    "unweightSkipRateRatio": 14.49315625724544,
    "weightSkipRateRatio": 3.221044954532365
}