{
    "totalVotingPower": 367735680.7600004,
    "totalVotingPowerUSD": 4184832047.0488024,
    "totalValidatorCount": 1817,
    "timestamp": 1669115135,
    "number1ValidatorName": "Coinbase Cloud",
    "number1ValidatorVotingPowerProportion": 2.42,
    "delinquentcount": 660,
    "unweightSkipRateRatio": 14.684585073249156,
    "weightSkipRateRatio": 3.949287869373604
}