{
    "totalVotingPower": 397640070.58000046,
    "totalVotingPowerUSD": 13161886336.19798,
    "totalValidatorCount": 1828,
    "timestamp": 1664622308,
    "number1ValidatorName": "Coinbase Cloud",
    "number1ValidatorVotingPowerProportion": 2.67,
    "delinquentcount": 501,
    "unweightSkipRateRatio": 16.64137718224158,
    "weightSkipRateRatio": 14.142906052693933
}