{
    "totalVotingPower": 411711317.6699997,
    "totalVotingPowerUSD": 12886564243.071,
    "totalValidatorCount": 2076,
    "timestamp": 1665572864,
    "number1ValidatorName": "Coinbase Cloud",
    "number1ValidatorVotingPowerProportion": 2.62,
    "delinquentcount": 284,
    "unweightSkipRateRatio": 10.450214980151085,
    "weightSkipRateRatio": 7.537174987948071
}