{
    "totalVotingPower": 364386088.7200009,
    "totalVotingPowerUSD": 4660498074.728801,
    "totalValidatorCount": 1811,
    "timestamp": 1668942324,
    "number1ValidatorName": "Coinbase Cloud",
    "number1ValidatorVotingPowerProportion": 2.45,
    "delinquentcount": 661,
    "unweightSkipRateRatio": 16.48354197680943,
    "weightSkipRateRatio": 5.065757542918407
}