{
    "totalVotingPower": 405332988.4100019,
    "totalVotingPowerUSD": 13363828627.877714,
    "totalValidatorCount": 1983,
    "timestamp": 1663326348,
    "number1ValidatorName": "Coinbase Cloud",
    "number1ValidatorVotingPowerProportion": 2.52,
    "delinquentcount": 289,
    "unweightSkipRateRatio": 14.823304434369255,
    "weightSkipRateRatio": 12.906865656888483,
    "delegator": 572576,
    "top1withdel": "Everstake",
    "top1withdel_percentage": 26.9
}