{
    "totalVotingPower": 361472610.5699999,
    "totalVotingPowerUSD": 5266655936.004896,
    "totalValidatorCount": 1809,
    "timestamp": 1668423917,
    "number1ValidatorName": "Coinbase Cloud",
    "number1ValidatorVotingPowerProportion": 2.64,
    "delinquentcount": 655,
    "unweightSkipRateRatio": 24.001258423933244,
    "weightSkipRateRatio": 12.989803499297853
}