{
    "totalVotingPower": 406735384.53999996,
    "totalVotingPowerUSD": 15407136366.375246,
    "totalValidatorCount": 1915,
    "timestamp": 1662990121,
    "number1ValidatorName": "Coinbase Cloud",
    "number1ValidatorVotingPowerProportion": 2.12,
    "delinquentcount": 354,
    "unweightSkipRateRatio": 21.18409863945578,
    "weightSkipRateRatio": 6.857740591243818
}