{
    "totalVotingPower": 410604385.90000015,
    "totalVotingPowerUSD": 13377490892.621952,
    "totalValidatorCount": 2042,
    "timestamp": 1664363278,
    "number1ValidatorName": "Coinbase Cloud",
    "number1ValidatorVotingPowerProportion": 2.55,
    "delinquentcount": 285,
    "unweightSkipRateRatio": 11.414591679537274,
    "weightSkipRateRatio": 9.68597877045639,
    "delegator": 569773,
    "top1withdel": "Everstake",
    "top1withdel_percentage": 27.2
}