{
    "totalVotingPower": 412158883.4900003,
    "totalVotingPowerUSD": 13432258012.93908,
    "totalValidatorCount": 2098,
    "timestamp": 1667127875,
    "number1ValidatorName": "Coinbase Cloud",
    "number1ValidatorVotingPowerProportion": 2.64,
    "delinquentcount": 327,
    "unweightSkipRateRatio": 6.270050551040324,
    "weightSkipRateRatio": 5.030198371749172
}