{
    "totalVotingPower": 413613269.0500001,
    "totalVotingPowerUSD": 14335835905.272934,
    "totalValidatorCount": 1976,
    "timestamp": 1662894346,
    "number1ValidatorName": "Coinbase Cloud",
    "number1ValidatorVotingPowerProportion": 2.08,
    "delinquentcount": 283,
    "unweightSkipRateRatio": 12.260250157635255,
    "weightSkipRateRatio": 10.203020959861888
}