{
    "totalVotingPower": 383162608.3600008,
    "totalVotingPowerUSD": 3659202909.8380003,
    "totalValidatorCount": 1921,
    "timestamp": 1672311751,
    "number1ValidatorName": "Coinbase Cloud",
    "number1ValidatorVotingPowerProportion": 2.45,
    "delinquentcount": 684,
    "unweightSkipRateRatio": 17.65124310464976,
    "weightSkipRateRatio": 5.29126913296136
}