{
    "totalVotingPower": 411020558.3700011,
    "totalVotingPowerUSD": 13847282611.485271,
    "totalValidatorCount": 2021,
    "timestamp": 1664103887,
    "number1ValidatorName": "Coinbase Cloud",
    "number1ValidatorVotingPowerProportion": 2.55,
    "delinquentcount": 300,
    "unweightSkipRateRatio": 5.740967321393017,
    "weightSkipRateRatio": 4.278240156025125,
    "delegator": 565567,
    "top1withdel": "Everstake",
    "top1withdel_percentage": 27.38
}