{
    "totalVotingPower": 384066641.7400006,
    "totalVotingPowerUSD": 3821463085.313002,
    "totalValidatorCount": 1934,
    "timestamp": 1672225333,
    "number1ValidatorName": "Coinbase Cloud",
    "number1ValidatorVotingPowerProportion": 2.44,
    "delinquentcount": 670,
    "unweightSkipRateRatio": 17.636492309705265,
    "weightSkipRateRatio": 5.297786670773162
}