{
    "totalVotingPower": 414301960.4999996,
    "totalVotingPowerUSD": 12739785285.374966,
    "totalValidatorCount": 2084,
    "timestamp": 1666091274,
    "number1ValidatorName": "Coinbase Cloud",
    "number1ValidatorVotingPowerProportion": 2.63,
    "delinquentcount": 296,
    "unweightSkipRateRatio": 3.4630817261402345,
    "weightSkipRateRatio": 1.6849684113820247
}