{
    "totalVotingPower": 400159467.1800019,
    "totalVotingPowerUSD": 12733074245.667635,
    "totalValidatorCount": 1997,
    "timestamp": 1663758302,
    "number1ValidatorName": "Coinbase Cloud",
    "number1ValidatorVotingPowerProportion": 2.59,
    "delinquentcount": 301,
    "unweightSkipRateRatio": 17.180656571584382,
    "weightSkipRateRatio": 15.766839262336736,
    "delegator": 572576,
    "top1withdel": "Everstake",
    "top1withdel_percentage": 26.9
}