{
    "totalVotingPower": 406580087.74000114,
    "totalVotingPowerUSD": 12709693542.752432,
    "totalValidatorCount": 1984,
    "timestamp": 1663585525,
    "number1ValidatorName": "Coinbase Cloud",
    "number1ValidatorVotingPowerProportion": 2.52,
    "delinquentcount": 303,
    "unweightSkipRateRatio": 15.216166390764279,
    "weightSkipRateRatio": 13.576102448834629,
    "delegator": 572576,
    "top1withdel": "Everstake",
    "top1withdel_percentage": 26.9
}