{
    "totalVotingPower": 377674932.03000003,
    "totalVotingPowerUSD": 4267726731.9390016,
    "totalValidatorCount": 1900,
    "timestamp": 1671879768,
    "number1ValidatorName": "Coinbase Cloud",
    "number1ValidatorVotingPowerProportion": 2.47,
    "delinquentcount": 667,
    "unweightSkipRateRatio": 16.776965951473297,
    "weightSkipRateRatio": 4.236595776721982
}