{
    "totalVotingPower": 361051285.4800005,
    "totalVotingPowerUSD": 4657561582.691996,
    "totalValidatorCount": 1819,
    "timestamp": 1668855983,
    "number1ValidatorName": "Coinbase Cloud",
    "number1ValidatorVotingPowerProportion": 2.58,
    "delinquentcount": 657,
    "unweightSkipRateRatio": 19.597030149206255,
    "weightSkipRateRatio": 6.047531135282394
}