{
    "totalVotingPower": 411552146.8700011,
    "totalVotingPowerUSD": 13560643239.366503,
    "totalValidatorCount": 2052,
    "timestamp": 1665227177,
    "number1ValidatorName": "Coinbase Cloud",
    "number1ValidatorVotingPowerProportion": 2.62,
    "delinquentcount": 298,
    "unweightSkipRateRatio": 4.716996249840594,
    "weightSkipRateRatio": 2.5767810512718468
}