{
    "totalVotingPower": 379308355.930001,
    "totalVotingPowerUSD": 4305149839.805508,
    "totalValidatorCount": 1937,
    "timestamp": 1672052594,
    "number1ValidatorName": "Coinbase Cloud",
    "number1ValidatorVotingPowerProportion": 2.47,
    "delinquentcount": 647,
    "unweightSkipRateRatio": 15.84427153655743,
    "weightSkipRateRatio": 4.29294812170455
}