{
    "totalVotingPower": 366779204.5299989,
    "totalVotingPowerUSD": 4438028374.813009,
    "totalValidatorCount": 1896,
    "timestamp": 1671706961,
    "number1ValidatorName": "Coinbase Cloud",
    "number1ValidatorVotingPowerProportion": 2.54,
    "delinquentcount": 655,
    "unweightSkipRateRatio": 16.074055588671463,
    "weightSkipRateRatio": 4.080600038410689
}