{
    "totalVotingPower": 354746868.64999986,
    "totalVotingPowerUSD": 5076427690.381508,
    "totalValidatorCount": 1826,
    "timestamp": 1669547220,
    "number1ValidatorName": "Coinbase Cloud",
    "number1ValidatorVotingPowerProportion": 2.52,
    "delinquentcount": 666,
    "unweightSkipRateRatio": 15.250277297450774,
    "weightSkipRateRatio": 3.3443240776361294
}