{
    "totalVotingPower": 412607238.13000035,
    "totalVotingPowerUSD": 11701541273.366802,
    "totalValidatorCount": 2092,
    "timestamp": 1666523176,
    "number1ValidatorName": "Coinbase Cloud",
    "number1ValidatorVotingPowerProportion": 2.64,
    "delinquentcount": 302,
    "unweightSkipRateRatio": 3.5659138033084137,
    "weightSkipRateRatio": 1.5857827072995048
}