{
    "totalVotingPower": 407596861.15000015,
    "totalVotingPowerUSD": 15549820252.872507,
    "totalValidatorCount": 1924,
    "timestamp": 1662992432,
    "number1ValidatorName": "Coinbase Cloud",
    "number1ValidatorVotingPowerProportion": 2.12,
    "delinquentcount": 345,
    "unweightSkipRateRatio": 20.283715302872043,
    "weightSkipRateRatio": 10.345567050247963,
    "delegator": 583105,
    "top1withdel": "Everstake",
    "top1withdel_percentage": 26.39
}