{
    "totalVotingPower": 413638475.78999966,
    "totalVotingPowerUSD": 12649064589.658165,
    "totalValidatorCount": 2064,
    "timestamp": 1665659279,
    "number1ValidatorName": "Coinbase Cloud",
    "number1ValidatorVotingPowerProportion": 2.6,
    "delinquentcount": 301,
    "unweightSkipRateRatio": 8.070285275870098,
    "weightSkipRateRatio": 3.900332157077308
}