{
    "totalVotingPower": 378080114.64,
    "totalVotingPowerUSD": 13259269620.424803,
    "totalValidatorCount": 1643,
    "timestamp": 1667646332,
    "number1ValidatorName": "Coinbase Cloud",
    "number1ValidatorVotingPowerProportion": 2.89,
    "delinquentcount": 815,
    "unweightSkipRateRatio": 30.75824067409177,
    "weightSkipRateRatio": 6.697306025206282
}