{
    "totalVotingPower": 413314998.65999866,
    "totalVotingPowerUSD": 11527355312.627403,
    "totalValidatorCount": 2091,
    "timestamp": 1666436745,
    "number1ValidatorName": "Coinbase Cloud",
    "number1ValidatorVotingPowerProportion": 2.64,
    "delinquentcount": 294,
    "unweightSkipRateRatio": 5.0259992591252765,
    "weightSkipRateRatio": 2.742373483911189
}