{
    "totalVotingPower": 385694654.9699992,
    "totalVotingPowerUSD": 5268588986.8902,
    "totalValidatorCount": 2022,
    "timestamp": 1672830161,
    "number1ValidatorName": "Coinbase Cloud",
    "number1ValidatorVotingPowerProportion": 2.44,
    "delinquentcount": 649,
    "unweightSkipRateRatio": 24.08146179764307,
    "weightSkipRateRatio": 11.053396438491967
}