{
    "totalVotingPower": 413146723.5600001,
    "totalVotingPowerUSD": 14530370267.605213,
    "totalValidatorCount": 1970,
    "timestamp": 1662856209,
    "number1ValidatorName": "Coinbase Cloud",
    "number1ValidatorVotingPowerProportion": 2.09,
    "delinquentcount": 289,
    "unweightSkipRateRatio": 13.432518431747654,
    "weightSkipRateRatio": 11.229393935969993
}