{
    "totalVotingPower": 411904780.4300009,
    "totalVotingPowerUSD": 13485762511.278193,
    "totalValidatorCount": 2037,
    "timestamp": 1664190412,
    "number1ValidatorName": "Coinbase Cloud",
    "number1ValidatorVotingPowerProportion": 2.54,
    "delinquentcount": 285,
    "unweightSkipRateRatio": 7.369818531504448,
    "weightSkipRateRatio": 5.655521182209018,
    "delegator": 566092,
    "top1withdel": "Everstake",
    "top1withdel_percentage": 27.37
}