{
    "totalVotingPower": 365478395.2200003,
    "totalVotingPowerUSD": 4919339199.661183,
    "totalValidatorCount": 1852,
    "timestamp": 1670151978,
    "number1ValidatorName": "Coinbase Cloud",
    "number1ValidatorVotingPowerProportion": 2.5,
    "delinquentcount": 652,
    "unweightSkipRateRatio": 16.63785198934906,
    "weightSkipRateRatio": 4.336480091364276
}