{
    "totalVotingPower": 412964686.0300005,
    "totalVotingPowerUSD": 14152299790.248114,
    "totalValidatorCount": 2040,
    "timestamp": 1664535977,
    "number1ValidatorName": "Coinbase Cloud",
    "number1ValidatorVotingPowerProportion": 2.58,
    "delinquentcount": 292,
    "unweightSkipRateRatio": 15.11833003991451,
    "weightSkipRateRatio": 14.009739057398553,
    "delegator": 570265,
    "top1withdel": "Everstake",
    "top1withdel_percentage": 27.2
}