{
    "totalVotingPower": 386585304.0499991,
    "totalVotingPowerUSD": 5118389425.622013,
    "totalValidatorCount": 2041,
    "timestamp": 1672916585,
    "number1ValidatorName": "Coinbase Cloud",
    "number1ValidatorVotingPowerProportion": 2.43,
    "delinquentcount": 629,
    "unweightSkipRateRatio": 24.2973753595833,
    "weightSkipRateRatio": 9.884380036144213
}