{
    "totalVotingPower": 378850381.430001,
    "totalVotingPowerUSD": 4326471355.93061,
    "totalValidatorCount": 1926,
    "timestamp": 1671966142,
    "number1ValidatorName": "Coinbase Cloud",
    "number1ValidatorVotingPowerProportion": 2.47,
    "delinquentcount": 659,
    "unweightSkipRateRatio": 11.795482569338864,
    "weightSkipRateRatio": 3.3452870386583857
}