{
    "totalVotingPower": 413831024.2700006,
    "totalVotingPowerUSD": 13052230505.475828,
    "totalValidatorCount": 2096,
    "timestamp": 1666782343,
    "number1ValidatorName": "Coinbase Cloud",
    "number1ValidatorVotingPowerProportion": 2.64,
    "delinquentcount": 308,
    "unweightSkipRateRatio": 4.681295446533586,
    "weightSkipRateRatio": 2.574320506182267
}