{
    "totalVotingPower": 353042108.6899998,
    "totalVotingPowerUSD": 5246205735.133399,
    "totalValidatorCount": 1824,
    "timestamp": 1669460738,
    "number1ValidatorName": "Coinbase Cloud",
    "number1ValidatorVotingPowerProportion": 2.53,
    "delinquentcount": 656,
    "unweightSkipRateRatio": 17.53124739177907,
    "weightSkipRateRatio": 4.256896914658107
}