{
    "totalVotingPower": 412639735.33000004,
    "totalVotingPowerUSD": 14590941041.268772,
    "totalValidatorCount": 1958,
    "timestamp": 1662923039,
    "number1ValidatorName": "Coinbase Cloud",
    "number1ValidatorVotingPowerProportion": 2.09,
    "delinquentcount": 297,
    "unweightSkipRateRatio": 11.912841567855939,
    "weightSkipRateRatio": 9.892051330755034,
    "delegator": 582938,
    "top1withdel": "Everstake",
    "top1withdel_percentage": 26.39
}