{
    "totalVotingPower": 357272687.8699998,
    "totalVotingPowerUSD": 5066126713.996586,
    "totalValidatorCount": 1796,
    "timestamp": 1668683165,
    "number1ValidatorName": "Coinbase Cloud",
    "number1ValidatorVotingPowerProportion": 2.6,
    "delinquentcount": 674,
    "unweightSkipRateRatio": 22.490273484262715,
    "weightSkipRateRatio": 11.286572797754417
}