{
    "totalVotingPower": 358159796.88999957,
    "totalVotingPowerUSD": 4874554835.6729,
    "totalValidatorCount": 1848,
    "timestamp": 1669979151,
    "number1ValidatorName": "Coinbase Cloud",
    "number1ValidatorVotingPowerProportion": 2.49,
    "delinquentcount": 649,
    "unweightSkipRateRatio": 16.50645227492776,
    "weightSkipRateRatio": 3.964287274938517
}