{
    "totalVotingPower": 383201779.2399998,
    "totalVotingPowerUSD": 4230547642.8095913,
    "totalValidatorCount": 2006,
    "timestamp": 1672657376,
    "number1ValidatorName": "Coinbase Cloud",
    "number1ValidatorVotingPowerProportion": 2.45,
    "delinquentcount": 649,
    "unweightSkipRateRatio": 18.669540696757462,
    "weightSkipRateRatio": 5.668735803957609
}