{
    "totalVotingPower": 369599912.4400006,
    "totalVotingPowerUSD": 4564558918.634,
    "totalValidatorCount": 1891,
    "timestamp": 1671447764,
    "number1ValidatorName": "Coinbase Cloud",
    "number1ValidatorVotingPowerProportion": 2.57,
    "delinquentcount": 660,
    "unweightSkipRateRatio": 14.99953633601588,
    "weightSkipRateRatio": 3.6149011022904047
}