{
    "totalVotingPower": 386310460.96999973,
    "totalVotingPowerUSD": 5049077724.87789,
    "totalValidatorCount": 2013,
    "timestamp": 1673002999,
    "number1ValidatorName": "Coinbase Cloud",
    "number1ValidatorVotingPowerProportion": 2.39,
    "delinquentcount": 661,
    "unweightSkipRateRatio": 22.281345244630845,
    "weightSkipRateRatio": 9.3914325063913
}