{
    "totalVotingPower": 376671732.7500006,
    "totalVotingPowerUSD": 12008294840.070007,
    "totalValidatorCount": 1573,
    "timestamp": 1667473573,
    "number1ValidatorName": "Coinbase Cloud",
    "number1ValidatorVotingPowerProportion": 2.9,
    "delinquentcount": 888,
    "unweightSkipRateRatio": 29.865029622425073,
    "weightSkipRateRatio": 5.310918926562284
}