{
    "totalVotingPower": 413935085.81,
    "totalVotingPowerUSD": 12368380364.0028,
    "totalValidatorCount": 2075,
    "timestamp": 1665831956,
    "number1ValidatorName": "Coinbase Cloud",
    "number1ValidatorVotingPowerProportion": 2.59,
    "delinquentcount": 289,
    "unweightSkipRateRatio": 8.29403316684443,
    "weightSkipRateRatio": 5.167638037775988
}