{
    "totalVotingPower": 376441196.1499998,
    "totalVotingPowerUSD": 5304056453.753489,
    "totalValidatorCount": 1868,
    "timestamp": 1671102168,
    "number1ValidatorName": "Coinbase Cloud",
    "number1ValidatorVotingPowerProportion": 2.54,
    "delinquentcount": 659,
    "unweightSkipRateRatio": 16.293526552006814,
    "weightSkipRateRatio": 4.32240566924423
}