{
    "totalVotingPower": 383715850.44999975,
    "totalVotingPowerUSD": 5203186932.102011,
    "totalValidatorCount": 1977,
    "timestamp": 1673175770,
    "number1ValidatorName": "Coinbase Cloud",
    "number1ValidatorVotingPowerProportion": 2.41,
    "delinquentcount": 691,
    "unweightSkipRateRatio": 27.41060440952189,
    "weightSkipRateRatio": 12.24053041535541
}