{
    "totalVotingPower": 409806719.81000084,
    "totalVotingPowerUSD": 13376091334.598356,
    "totalValidatorCount": 2031,
    "timestamp": 1665399976,
    "number1ValidatorName": "Coinbase Cloud",
    "number1ValidatorVotingPowerProportion": 2.63,
    "delinquentcount": 319,
    "unweightSkipRateRatio": 6.989225345824963,
    "weightSkipRateRatio": 4.6532537652001755
}