{
    "totalVotingPower": 378304443.34999996,
    "totalVotingPowerUSD": 4516955053.598985,
    "totalValidatorCount": 1911,
    "timestamp": 1671793361,
    "number1ValidatorName": "Coinbase Cloud",
    "number1ValidatorVotingPowerProportion": 2.47,
    "delinquentcount": 654,
    "unweightSkipRateRatio": 13.595150181692274,
    "weightSkipRateRatio": 3.8430686501313227
}