{
    "totalVotingPower": 411475483.02000016,
    "totalVotingPowerUSD": 13677445055.584772,
    "totalValidatorCount": 2033,
    "timestamp": 1665140951,
    "number1ValidatorName": "Coinbase Cloud",
    "number1ValidatorVotingPowerProportion": 2.59,
    "delinquentcount": 306,
    "unweightSkipRateRatio": 7.165691871089112,
    "weightSkipRateRatio": 5.280667134244658
}