{
    "totalVotingPower": 413173766.0700002,
    "totalVotingPowerUSD": 14080961947.665602,
    "totalValidatorCount": 2121,
    "timestamp": 1667214406,
    "number1ValidatorName": "Coinbase Cloud",
    "number1ValidatorVotingPowerProportion": 2.64,
    "delinquentcount": 314,
    "unweightSkipRateRatio": 5.79091645312352,
    "weightSkipRateRatio": 4.051621090579589
}