{
    "totalVotingPower": 411164471.69999975,
    "totalVotingPowerUSD": 12918787700.813993,
    "totalValidatorCount": 2061,
    "timestamp": 1665486382,
    "number1ValidatorName": "Coinbase Cloud",
    "number1ValidatorVotingPowerProportion": 2.62,
    "delinquentcount": 294,
    "unweightSkipRateRatio": 9.530716226856894,
    "weightSkipRateRatio": 6.866420507430224
}