{
    "totalVotingPower": 385106127.1400003,
    "totalVotingPowerUSD": 6331144730.181593,
    "totalValidatorCount": 2006,
    "timestamp": 1673262145,
    "number1ValidatorName": "Coinbase Cloud",
    "number1ValidatorVotingPowerProportion": 2.38,
    "delinquentcount": 670,
    "unweightSkipRateRatio": 20.616742519419937,
    "weightSkipRateRatio": 8.319902378263233
}