{
    "totalVotingPower": 412030127.0599998,
    "totalVotingPowerUSD": 13761806243.803991,
    "totalValidatorCount": 1994,
    "timestamp": 1663155135,
    "number1ValidatorName": "Coinbase Cloud",
    "number1ValidatorVotingPowerProportion": 2.1,
    "delinquentcount": 275,
    "unweightSkipRateRatio": 13.236032082250851,
    "weightSkipRateRatio": 11.19311319603934,
    "delegator": 582945,
    "top1withdel": "Everstake",
    "top1withdel_percentage": 26.38
}