{
    "totalVotingPower": 375250928.58999896,
    "totalVotingPowerUSD": 5110917647.3958025,
    "totalValidatorCount": 1889,
    "timestamp": 1670670138,
    "number1ValidatorName": "Coinbase Cloud",
    "number1ValidatorVotingPowerProportion": 2.49,
    "delinquentcount": 633,
    "unweightSkipRateRatio": 13.569857937562645,
    "weightSkipRateRatio": 3.016372105003325
}