{
    "totalVotingPower": 360220213.27000076,
    "totalVotingPowerUSD": 4924210315.400903,
    "totalValidatorCount": 1805,
    "timestamp": 1668769540,
    "number1ValidatorName": "Coinbase Cloud",
    "number1ValidatorVotingPowerProportion": 2.59,
    "delinquentcount": 667,
    "unweightSkipRateRatio": 19.9254718079759,
    "weightSkipRateRatio": 6.698671055613549
}