{
    "totalVotingPower": 413045669.34999955,
    "totalVotingPowerUSD": 12403761450.580488,
    "totalValidatorCount": 2085,
    "timestamp": 1666177634,
    "number1ValidatorName": "Coinbase Cloud",
    "number1ValidatorVotingPowerProportion": 2.63,
    "delinquentcount": 296,
    "unweightSkipRateRatio": 4.926863112394622,
    "weightSkipRateRatio": 3.023438795070039
}