{
    "totalVotingPower": 413054303.03000015,
    "totalVotingPowerUSD": 14287548341.807688,
    "totalValidatorCount": 1974,
    "timestamp": 1662800145
}