{
    "totalVotingPower": 412005938.2400003,
    "totalVotingPowerUSD": 13995841722.0128,
    "totalValidatorCount": 2042,
    "timestamp": 1665054409,
    "number1ValidatorName": "Coinbase Cloud",
    "number1ValidatorVotingPowerProportion": 2.59,
    "delinquentcount": 292,
    "unweightSkipRateRatio": 7.442192957239829,
    "weightSkipRateRatio": 5.718636708236476
}