{
    "totalVotingPower": 411843649.29999983,
    "totalVotingPowerUSD": 13343734237.319984,
    "totalValidatorCount": 2042,
    "timestamp": 1664795152,
    "number1ValidatorName": "Coinbase Cloud",
    "number1ValidatorVotingPowerProportion": 2.58,
    "delinquentcount": 291,
    "unweightSkipRateRatio": 9.713490573503165,
    "weightSkipRateRatio": 7.877062995692503,
    "delegator": 569436,
    "top1withdel": "Everstake",
    "top1withdel_percentage": 27.27
}