{
    "totalVotingPower": 384195618.49000055,
    "totalVotingPowerUSD": 3500022084.443889,
    "totalValidatorCount": 1970,
    "timestamp": 1672398191,
    "number1ValidatorName": "Coinbase Cloud",
    "number1ValidatorVotingPowerProportion": 2.44,
    "delinquentcount": 658,
    "unweightSkipRateRatio": 16.744938189411723,
    "weightSkipRateRatio": 5.984455665705849
}