{
    "totalVotingPower": 360466037.58999956,
    "totalVotingPowerUSD": 4963617337.614297,
    "totalValidatorCount": 1853,
    "timestamp": 1669806404,
    "number1ValidatorName": "Coinbase Cloud",
    "number1ValidatorVotingPowerProportion": 2.48,
    "delinquentcount": 645,
    "unweightSkipRateRatio": 16.165620998395227,
    "weightSkipRateRatio": 3.6204428547294953
}