{
    "totalVotingPower": 367741000.5100002,
    "totalVotingPowerUSD": 4571020636.339313,
    "totalValidatorCount": 1871,
    "timestamp": 1671274923,
    "number1ValidatorName": "Coinbase Cloud",
    "number1ValidatorVotingPowerProportion": 2.6,
    "delinquentcount": 666,
    "unweightSkipRateRatio": 16.441811403639736,
    "weightSkipRateRatio": 4.580921577963071
}