{
    "totalVotingPower": 414026622.29,
    "totalVotingPowerUSD": 13778805989.811193,
    "totalValidatorCount": 2132,
    "timestamp": 1667300778,
    "number1ValidatorName": "Coinbase Cloud",
    "number1ValidatorVotingPowerProportion": 2.63,
    "delinquentcount": 325,
    "unweightSkipRateRatio": 6.491493575776946,
    "weightSkipRateRatio": 4.384644871753854
}