{
    "totalVotingPower": 358283318.0399994,
    "totalVotingPowerUSD": 4965806788.034397,
    "totalValidatorCount": 1853,
    "timestamp": 1669892781,
    "number1ValidatorName": "Coinbase Cloud",
    "number1ValidatorVotingPowerProportion": 2.49,
    "delinquentcount": 646,
    "unweightSkipRateRatio": 14.331582237802996,
    "weightSkipRateRatio": 3.7068845872083718
}