{
    "totalVotingPower": 365833334.0400004,
    "totalVotingPowerUSD": 4971675009.603592,
    "totalValidatorCount": 1845,
    "timestamp": 1670065637,
    "number1ValidatorName": "Coinbase Cloud",
    "number1ValidatorVotingPowerProportion": 2.5,
    "delinquentcount": 661,
    "unweightSkipRateRatio": 11.773540527640282,
    "weightSkipRateRatio": 3.4204479850655365
}