{
    "totalVotingPower": 391933589.7500005,
    "totalVotingPowerUSD": 11087801254.027494,
    "totalValidatorCount": 1754,
    "timestamp": 1667905569,
    "number1ValidatorName": "Coinbase Cloud",
    "number1ValidatorVotingPowerProportion": 2.81,
    "delinquentcount": 707,
    "unweightSkipRateRatio": 27.59919955735665,
    "weightSkipRateRatio": 12.665242785659103
}