{
    "totalVotingPower": 364969771.8499996,
    "totalVotingPowerUSD": 4989136781.1894865,
    "totalValidatorCount": 1871,
    "timestamp": 1670411240,
    "number1ValidatorName": "Coinbase Cloud",
    "number1ValidatorVotingPowerProportion": 2.51,
    "delinquentcount": 632,
    "unweightSkipRateRatio": 15.211231514319488,
    "weightSkipRateRatio": 3.3957384899954817
}