{
    "totalVotingPower": 385301522.15000075,
    "totalVotingPowerUSD": 3818338084.506511,
    "totalValidatorCount": 1986,
    "timestamp": 1672484561,
    "number1ValidatorName": "Coinbase Cloud",
    "number1ValidatorVotingPowerProportion": 2.43,
    "delinquentcount": 644,
    "unweightSkipRateRatio": 19.013743815518144,
    "weightSkipRateRatio": 6.282489774561225
}