{
    "totalVotingPower": 413579832.2900001,
    "totalVotingPowerUSD": 14442207743.56686,
    "totalValidatorCount": 1975,
    "timestamp": 1662847444,
    "number1ValidatorName": "Coinbase Cloud",
    "number1ValidatorVotingPowerProportion": 2.09,
    "delinquentcount": 283,
    "unweightSkipRateRatio": 13.505887538525606,
    "weightSkipRateRatio": 11.322707765151021
}