{
    "totalVotingPower": 367035738.1699988,
    "totalVotingPowerUSD": 4441132431.857009,
    "totalValidatorCount": 1903,
    "timestamp": 1671620538,
    "number1ValidatorName": "Coinbase Cloud",
    "number1ValidatorVotingPowerProportion": 2.54,
    "delinquentcount": 648,
    "unweightSkipRateRatio": 13.887908340253412,
    "weightSkipRateRatio": 3.544396468055974
}