{
    "totalVotingPower": 379357001.48000115,
    "totalVotingPowerUSD": 4248798416.575986,
    "totalValidatorCount": 1940,
    "timestamp": 1672138958,
    "number1ValidatorName": "Coinbase Cloud",
    "number1ValidatorVotingPowerProportion": 2.47,
    "delinquentcount": 643,
    "unweightSkipRateRatio": 16.40566630647966,
    "weightSkipRateRatio": 4.405963584103423
}