{
    "totalVotingPower": 390952461.75000066,
    "totalVotingPowerUSD": 14132931492.262497,
    "totalValidatorCount": 1705,
    "timestamp": 1667732755,
    "number1ValidatorName": "Coinbase Cloud",
    "number1ValidatorVotingPowerProportion": 2.81,
    "delinquentcount": 755,
    "unweightSkipRateRatio": 31.318170651347288,
    "weightSkipRateRatio": 12.65251445470463
}