{
    "totalVotingPower": 411204774.10000116,
    "totalVotingPowerUSD": 12578754039.718988,
    "totalValidatorCount": 2082,
    "timestamp": 1666004952,
    "number1ValidatorName": "Coinbase Cloud",
    "number1ValidatorVotingPowerProportion": 2.64,
    "delinquentcount": 293,
    "unweightSkipRateRatio": 4.781276518107686,
    "weightSkipRateRatio": 2.835652830781082
}