{
    "totalVotingPower": 374189572.579999,
    "totalVotingPowerUSD": 5103945769.991185,
    "totalValidatorCount": 1882,
    "timestamp": 1670756581,
    "number1ValidatorName": "Coinbase Cloud",
    "number1ValidatorVotingPowerProportion": 2.5,
    "delinquentcount": 640,
    "unweightSkipRateRatio": 15.246419201706821,
    "weightSkipRateRatio": 3.10326284601545
}