{
    "totalVotingPower": 392639752.0200006,
    "totalVotingPowerUSD": 7016472368.597408,
    "totalValidatorCount": 1780,
    "timestamp": 1667991983,
    "number1ValidatorName": "Coinbase Cloud",
    "number1ValidatorVotingPowerProportion": 2.8,
    "delinquentcount": 687,
    "unweightSkipRateRatio": 27.360898331459286,
    "weightSkipRateRatio": 13.27677273557828
}