{
    "totalVotingPower": 353693295.85999966,
    "totalVotingPowerUSD": 4764248695.234189,
    "totalValidatorCount": 1849,
    "timestamp": 1669633551,
    "number1ValidatorName": "Coinbase Cloud",
    "number1ValidatorVotingPowerProportion": 2.53,
    "delinquentcount": 639,
    "unweightSkipRateRatio": 16.568200001505666,
    "weightSkipRateRatio": 3.6507052974477388
}