{
    "totalVotingPower": 411009220.0199999,
    "totalVotingPowerUSD": 13057762920.035383,
    "totalValidatorCount": 2029,
    "timestamp": 1665745671,
    "number1ValidatorName": "Coinbase Cloud",
    "number1ValidatorVotingPowerProportion": 2.61,
    "delinquentcount": 335,
    "unweightSkipRateRatio": 8.535316377213412,
    "weightSkipRateRatio": 5.441669584512108
}