{
    "totalVotingPower": 361242933.47999966,
    "totalVotingPowerUSD": 4952640618.010809,
    "totalValidatorCount": 1804,
    "timestamp": 1668337556,
    "number1ValidatorName": "Coinbase Cloud",
    "number1ValidatorVotingPowerProportion": 2.64,
    "delinquentcount": 656,
    "unweightSkipRateRatio": 24.73699648778076,
    "weightSkipRateRatio": 14.282844738517086
}