{
    "totalVotingPower": 405955562.42999995,
    "totalVotingPowerUSD": 12742945104.677647,
    "totalValidatorCount": 2131,
    "timestamp": 1667387108,
    "number1ValidatorName": "Coinbase Cloud",
    "number1ValidatorVotingPowerProportion": 2.68,
    "delinquentcount": 317,
    "unweightSkipRateRatio": 5.838480968281508,
    "weightSkipRateRatio": 3.9209275424535095
}