{
    "totalVotingPower": 386351214.9599997,
    "totalVotingPowerUSD": 5092109013.172793,
    "totalValidatorCount": 2014,
    "timestamp": 1673089349,
    "number1ValidatorName": "Coinbase Cloud",
    "number1ValidatorVotingPowerProportion": 2.39,
    "delinquentcount": 654,
    "unweightSkipRateRatio": 26.495803727868772,
    "weightSkipRateRatio": 11.845437311425645
}