{
    "totalVotingPower": 371002882.88999987,
    "totalVotingPowerUSD": 5001118861.357203,
    "totalValidatorCount": 1875,
    "timestamp": 1670497570,
    "number1ValidatorName": "Coinbase Cloud",
    "number1ValidatorVotingPowerProportion": 2.48,
    "delinquentcount": 630,
    "unweightSkipRateRatio": 14.459298232494222,
    "weightSkipRateRatio": 3.272281240005411
}