{
    "totalVotingPower": 413960095.2500009,
    "totalVotingPowerUSD": 12385686049.879995,
    "totalValidatorCount": 2079,
    "timestamp": 1665918318,
    "number1ValidatorName": "Coinbase Cloud",
    "number1ValidatorVotingPowerProportion": 2.63,
    "delinquentcount": 294,
    "unweightSkipRateRatio": 4.919900428449641,
    "weightSkipRateRatio": 2.696190480562395
}