{
    "totalVotingPower": 411984011.10999984,
    "totalVotingPowerUSD": 13842662773.296024,
    "totalValidatorCount": 1994,
    "timestamp": 1663153549,
    "number1ValidatorName": "Coinbase Cloud",
    "number1ValidatorVotingPowerProportion": 2.1,
    "delinquentcount": 276,
    "unweightSkipRateRatio": 13.22051521263365,
    "weightSkipRateRatio": 11.186267927676791,
    "delegator": 582945,
    "top1withdel": "Everstake",
    "top1withdel_percentage": 26.38
}