{
    "totalVotingPower": 386294955.19000024,
    "totalVotingPowerUSD": 6200034030.79952,
    "totalValidatorCount": 2067,
    "timestamp": 1673521386,
    "number1ValidatorName": "Coinbase Cloud",
    "number1ValidatorVotingPowerProportion": 2.52,
    "delinquentcount": 621,
    "unweightSkipRateRatio": 21.694363518628954,
    "weightSkipRateRatio": 8.551694375084871
}