{
    "totalVotingPower": 382604682.23,
    "totalVotingPowerUSD": 4545343624.892385,
    "totalValidatorCount": 1991,
    "timestamp": 1672743789,
    "number1ValidatorName": "Coinbase Cloud",
    "number1ValidatorVotingPowerProportion": 2.45,
    "delinquentcount": 665,
    "unweightSkipRateRatio": 21.46093657143773,
    "weightSkipRateRatio": 7.578350441779647
}