{
    "totalVotingPower": 411426830.5400001,
    "totalVotingPowerUSD": 14568624069.421408,
    "totalValidatorCount": 1941,
    "timestamp": 1662921971,
    "number1ValidatorName": "Coinbase Cloud",
    "number1ValidatorVotingPowerProportion": 2.1,
    "delinquentcount": 315,
    "unweightSkipRateRatio": 11.901202374385349,
    "weightSkipRateRatio": 9.91276732520657,
    "delegator": 582932
}