{
    "totalVotingPower": 404016973.51000094,
    "totalVotingPowerUSD": 13461845557.353167,
    "totalValidatorCount": 1962,
    "timestamp": 1663499118,
    "number1ValidatorName": "Coinbase Cloud",
    "number1ValidatorVotingPowerProportion": 2.54,
    "delinquentcount": 320,
    "unweightSkipRateRatio": 12.677957989163543,
    "weightSkipRateRatio": 9.32689752440515,
    "delegator": 572576,
    "top1withdel": "Everstake",
    "top1withdel_percentage": 26.9
}