{
    "totalVotingPower": 350183527.3799998,
    "totalVotingPowerUSD": 4923580394.962787,
    "totalValidatorCount": 1810,
    "timestamp": 1669287955,
    "number1ValidatorName": "Coinbase Cloud",
    "number1ValidatorVotingPowerProportion": 2.55,
    "delinquentcount": 675,
    "unweightSkipRateRatio": 11.801534476731657,
    "weightSkipRateRatio": 4.109124945515327
}