{
    "totalVotingPower": 401654696.9799998,
    "totalVotingPowerUSD": 13302803563.97759,
    "totalValidatorCount": 2044,
    "timestamp": 1667041504,
    "number1ValidatorName": "Coinbase Cloud",
    "number1ValidatorVotingPowerProportion": 2.71,
    "delinquentcount": 370,
    "unweightSkipRateRatio": 6.322669912835051,
    "weightSkipRateRatio": 3.3725609263528313
}