{
    "totalVotingPower": 361826663.2799993,
    "totalVotingPowerUSD": 4938933953.772003,
    "totalValidatorCount": 1859,
    "timestamp": 1669719959,
    "number1ValidatorName": "Coinbase Cloud",
    "number1ValidatorVotingPowerProportion": 2.47,
    "delinquentcount": 639,
    "unweightSkipRateRatio": 14.17601417879196,
    "weightSkipRateRatio": 3.398753907577751
}