{
    "totalVotingPower": 364690277.7699997,
    "totalVotingPowerUSD": 5131192208.223898,
    "totalValidatorCount": 1848,
    "timestamp": 1670238402,
    "number1ValidatorName": "Coinbase Cloud",
    "number1ValidatorVotingPowerProportion": 2.51,
    "delinquentcount": 657,
    "unweightSkipRateRatio": 9.639199933465656,
    "weightSkipRateRatio": 2.4328840062977535
}