{
    "totalVotingPower": 376360872.59999996,
    "totalVotingPowerUSD": 5261524998.948008,
    "totalValidatorCount": 1867,
    "timestamp": 1671015746,
    "number1ValidatorName": "Coinbase Cloud",
    "number1ValidatorVotingPowerProportion": 2.54,
    "delinquentcount": 661,
    "unweightSkipRateRatio": 12.153591656204712,
    "weightSkipRateRatio": 3.220259997827454
}