{
    "totalVotingPower": 404160631.1500021,
    "totalVotingPowerUSD": 13272635126.966026,
    "totalValidatorCount": 1961,
    "timestamp": 1663412682,
    "number1ValidatorName": "Coinbase Cloud",
    "number1ValidatorVotingPowerProportion": 2.53,
    "delinquentcount": 312,
    "unweightSkipRateRatio": 13.639258455423887,
    "weightSkipRateRatio": 11.862009240653935,
    "delegator": 572576,
    "top1withdel": "Everstake",
    "top1withdel_percentage": 26.9
}