{
    "totalVotingPower": 367139290.6600004,
    "totalVotingPowerUSD": 4860924208.338388,
    "totalValidatorCount": 1806,
    "timestamp": 1669201596,
    "number1ValidatorName": "Coinbase Cloud",
    "number1ValidatorVotingPowerProportion": 2.43,
    "delinquentcount": 671,
    "unweightSkipRateRatio": 18.007218427477273,
    "weightSkipRateRatio": 4.470027181615046
}