{
    "totalVotingPower": 413662155.7300001,
    "totalVotingPowerUSD": 14527814909.237608,
    "totalValidatorCount": 1977,
    "timestamp": 1662848725,
    "number1ValidatorName": "Coinbase Cloud",
    "number1ValidatorVotingPowerProportion": 2.08,
    "delinquentcount": 282,
    "unweightSkipRateRatio": 13.564722759845202,
    "weightSkipRateRatio": 11.332231889882149
}