{
    "totalVotingPower": 410907653.15999985,
    "totalVotingPowerUSD": 15310419156.741602,
    "totalValidatorCount": 1971,
    "timestamp": 1663004634,
    "number1ValidatorName": "Coinbase Cloud",
    "number1ValidatorVotingPowerProportion": 2.1,
    "delinquentcount": 298,
    "unweightSkipRateRatio": 19.09263123449464,
    "weightSkipRateRatio": 13.48543192476803,
    "delegator": 582998,
    "top1withdel": "Everstake",
    "top1withdel_percentage": 26.38
}