{
    "totalVotingPower": 385819407.2300005,
    "totalVotingPowerUSD": 6254132591.198312,
    "totalValidatorCount": 2017,
    "timestamp": 1673348577,
    "number1ValidatorName": "Coinbase Cloud",
    "number1ValidatorVotingPowerProportion": 2.37,
    "delinquentcount": 658,
    "unweightSkipRateRatio": 23.209052091556185,
    "weightSkipRateRatio": 9.371295724136408
}