{
    "totalVotingPower": 366379565.6800003,
    "totalVotingPowerUSD": 4535779023.118388,
    "totalValidatorCount": 1876,
    "timestamp": 1671361383,
    "number1ValidatorName": "Coinbase Cloud",
    "number1ValidatorVotingPowerProportion": 2.61,
    "delinquentcount": 662,
    "unweightSkipRateRatio": 16.971059326043314,
    "weightSkipRateRatio": 4.156613479028276
}