{
    "totalVotingPower": 403453960.0600012,
    "totalVotingPowerUSD": 12975079355.52957,
    "totalValidatorCount": 1954,
    "timestamp": 1663671866,
    "number1ValidatorName": "Coinbase Cloud",
    "number1ValidatorVotingPowerProportion": 2.54,
    "delinquentcount": 333,
    "unweightSkipRateRatio": 14.605741230721472,
    "weightSkipRateRatio": 13.042871065435206,
    "delegator": 572576,
    "top1withdel": "Everstake",
    "top1withdel_percentage": 26.9
}