{
    "totalVotingPower": 369718737.64000046,
    "totalVotingPowerUSD": 4562329222.477607,
    "totalValidatorCount": 1897,
    "timestamp": 1671534169,
    "number1ValidatorName": "Coinbase Cloud",
    "number1ValidatorVotingPowerProportion": 2.57,
    "delinquentcount": 655,
    "unweightSkipRateRatio": 15.84535445309199,
    "weightSkipRateRatio": 3.7122388375401116
}