{
    "totalVotingPower": 349904558.2999997,
    "totalVotingPowerUSD": 4972143773.443002,
    "totalValidatorCount": 1847,
    "timestamp": 1669375900,
    "number1ValidatorName": "Coinbase Cloud",
    "number1ValidatorVotingPowerProportion": 2.55,
    "delinquentcount": 633,
    "unweightSkipRateRatio": 17.064735762529228,
    "weightSkipRateRatio": 4.624138178303074
}