{
    "totalVotingPower": 412962922.09000003,
    "totalVotingPowerUSD": 14309165250.418484,
    "totalValidatorCount": 1976,
    "timestamp": 1662832811,
    "number1ValidatorName": "Coinbase Cloud",
    "number1ValidatorVotingPowerProportion": 2.09,
    "delinquentcount": 283,
    "unweightSkipRateRatio": 13.879696447593368,
    "weightSkipRateRatio": 11.532162107580117
}