{
    "totalVotingPower": 411435683.4299998,
    "totalVotingPowerUSD": 13844810747.419474,
    "totalValidatorCount": 2034,
    "timestamp": 1664881584,
    "number1ValidatorName": "Coinbase Cloud",
    "number1ValidatorVotingPowerProportion": 2.59,
    "delinquentcount": 299,
    "unweightSkipRateRatio": 10.613843766614135,
    "weightSkipRateRatio": 8.318308150252978,
    "delegator": 568374,
    "top1withdel": "Everstake",
    "top1withdel_percentage": 27.34
}