{
    "totalVotingPower": 376699920.4299994,
    "totalVotingPowerUSD": 4961137952.063108,
    "totalValidatorCount": 1874,
    "timestamp": 1670929341,
    "number1ValidatorName": "Coinbase Cloud",
    "number1ValidatorVotingPowerProportion": 2.48,
    "delinquentcount": 653,
    "unweightSkipRateRatio": 15.498572605812935,
    "weightSkipRateRatio": 3.4888479830436148
}