{
    "totalVotingPower": 411189438.0899998,
    "totalVotingPowerUSD": 12853781834.69341,
    "totalValidatorCount": 2081,
    "timestamp": 1666868701,
    "number1ValidatorName": "Coinbase Cloud",
    "number1ValidatorVotingPowerProportion": 2.65,
    "delinquentcount": 333,
    "unweightSkipRateRatio": 5.737837368666673,
    "weightSkipRateRatio": 2.2761356099431955
}