{
    "totalVotingPower": 412919825.7599986,
    "totalVotingPowerUSD": 11408974785.748787,
    "totalValidatorCount": 2083,
    "timestamp": 1666350446,
    "number1ValidatorName": "Coinbase Cloud",
    "number1ValidatorVotingPowerProportion": 2.64,
    "delinquentcount": 305,
    "unweightSkipRateRatio": 6.090513149110736,
    "weightSkipRateRatio": 3.4584532115383113
}