{
    "totalVotingPower": 410677075.9100009,
    "totalVotingPowerUSD": 13412713299.220585,
    "totalValidatorCount": 2041,
    "timestamp": 1665313541,
    "number1ValidatorName": "Coinbase Cloud",
    "number1ValidatorVotingPowerProportion": 2.63,
    "delinquentcount": 310,
    "unweightSkipRateRatio": 6.125793612500785,
    "weightSkipRateRatio": 3.767229750671504
}