{
    "totalVotingPower": 409198617.67,
    "totalVotingPowerUSD": 11870851898.60668,
    "totalValidatorCount": 2054,
    "timestamp": 1666609749,
    "number1ValidatorName": "Coinbase Cloud",
    "number1ValidatorVotingPowerProportion": 2.66,
    "delinquentcount": 344,
    "unweightSkipRateRatio": 4.112575218165953,
    "weightSkipRateRatio": 1.9696999686852699
}