{
    "totalVotingPower": 412678663.05000013,
    "totalVotingPowerUSD": 14307569247.94353,
    "totalValidatorCount": 1974,
    "timestamp": 1662807727
}