{
    "totalVotingPower": 410991630.66999984,
    "totalVotingPowerUSD": 15334097740.297749,
    "totalValidatorCount": 1971,
    "timestamp": 1663003348,
    "number1ValidatorName": "Coinbase Cloud",
    "number1ValidatorVotingPowerProportion": 2.1,
    "delinquentcount": 299,
    "unweightSkipRateRatio": 18.817243599859243,
    "weightSkipRateRatio": 13.277348590177224,
    "delegator": 582999,
    "top1withdel": "Everstake",
    "top1withdel_percentage": 26.38
}