{
    "totalVotingPower": 370483208.66,
    "totalVotingPowerUSD": 5142306936.200789,
    "totalValidatorCount": 1872,
    "timestamp": 1670584016,
    "number1ValidatorName": "Coinbase Cloud",
    "number1ValidatorVotingPowerProportion": 2.49,
    "delinquentcount": 634,
    "unweightSkipRateRatio": 15.419455497795024,
    "weightSkipRateRatio": 3.2779659488066715
}