{
    "totalVotingPower": 406609077.2400001,
    "totalVotingPowerUSD": 15471475388.981953,
    "totalValidatorCount": 1920,
    "timestamp": 1662991971,
    "number1ValidatorName": "Coinbase Cloud",
    "number1ValidatorVotingPowerProportion": 2.13,
    "delinquentcount": 347,
    "unweightSkipRateRatio": 21.356463692482187,
    "weightSkipRateRatio": 10.297874788371045
}