{
    "totalVotingPower": 366455710.710001,
    "totalVotingPowerUSD": 5705715415.75469,
    "totalValidatorCount": 1812,
    "timestamp": 1668251114,
    "number1ValidatorName": "Coinbase Cloud",
    "number1ValidatorVotingPowerProportion": 2.84,
    "delinquentcount": 655,
    "unweightSkipRateRatio": 26.3768380502554,
    "weightSkipRateRatio": 14.563938986765852
}