{
    "totalVotingPower": 386950373.13000023,
    "totalVotingPowerUSD": 6198944977.542606,
    "totalValidatorCount": 2045,
    "timestamp": 1673434953,
    "number1ValidatorName": "Coinbase Cloud",
    "number1ValidatorVotingPowerProportion": 2.36,
    "delinquentcount": 629,
    "unweightSkipRateRatio": 23.989949551463795,
    "weightSkipRateRatio": 9.595946570332371
}