{
    "totalVotingPower": 365155232.9100011,
    "totalVotingPowerUSD": 5024536004.841599,
    "totalValidatorCount": 1793,
    "timestamp": 1668078406,
    "number1ValidatorName": "Coinbase Cloud",
    "number1ValidatorVotingPowerProportion": 2.85,
    "delinquentcount": 665,
    "unweightSkipRateRatio": 23.940503661846186,
    "weightSkipRateRatio": 9.722969162673355
}