{
    "totalVotingPower": 391605445.1500007,
    "totalVotingPowerUSD": 12417808665.706501,
    "totalValidatorCount": 1722,
    "timestamp": 1667819129,
    "number1ValidatorName": "Coinbase Cloud",
    "number1ValidatorVotingPowerProportion": 2.81,
    "delinquentcount": 740,
    "unweightSkipRateRatio": 31.322079987287573,
    "weightSkipRateRatio": 12.862342284174124
}