{
    "totalVotingPower": 377247434.87999946,
    "totalVotingPowerUSD": 4983438614.764801,
    "totalValidatorCount": 1881,
    "timestamp": 1670843000,
    "number1ValidatorName": "Coinbase Cloud",
    "number1ValidatorVotingPowerProportion": 2.48,
    "delinquentcount": 646,
    "unweightSkipRateRatio": 13.365417709185392,
    "weightSkipRateRatio": 3.329342220813941
}